family,x,y,z
bare,-1,-1,-1
bare,-1,-1,0
bare,-1,-1,1
gravel,-1,-1,2
gravel,-1,-1,3
gravel,-1,-1,4
bare,-1,-1,5
bare,-1,0,-1
bare,-1,0,0
bare,-1,0,1
bare,-1,0,2
bare,-1,0,3
bare,-1,0,4
bare,-1,0,5
bare,-1,1,-1
bare,-1,1,0
bare,-1,1,1
bare,-1,1,2
bare,-1,1,3
bare,-1,1,4
bare,-1,1,5
bare,-1,2,-1
bare,-1,2,0
bare,-1,2,1
bare,-1,2,2
bare,-1,2,3
bare,-1,2,4
bare,-1,2,5
bare,-1,3,-1
bare,-1,3,0
bare,-1,3,1
bare,-1,3,2
bare,-1,3,3
bare,-1,3,4
bare,-1,3,5
bare,-1,4,-1
bare,-1,4,0
bare,-1,4,1
bare,-1,4,2
bare,-1,4,3
bare,-1,4,4
bare,-1,4,5
bare,-1,5,-1
bare,-1,5,0
bare,-1,5,1
bare,-1,5,2
bare,-1,5,3
bare,-1,5,4
bare,-1,5,5
bare,0,-1,-1
bare,0,-1,0
bare,0,-1,1
gravel,0,-1,2
gravel,0,-1,3
gravel,0,-1,4
bare,0,-1,5
bare,0,0,-1
bare,0,0,5
bare,0,1,-1
bare,0,1,5
bare,0,2,-1
bare,0,2,5
bare,0,3,-1
bare,0,3,5
bare,0,4,-1
bare,0,4,5
bare,0,5,-1
bare,0,5,0
bare,0,5,1
bare,0,5,2
bare,0,5,3
bare,0,5,4
bare,0,5,5
bare,1,-1,-1
bare,1,-1,0
bare,1,-1,1
gravel,1,-1,2
gravel,1,-1,3
gravel,1,-1,4
gravel,1,-1,5
bare,1,0,-1
bare,1,0,5
bare,1,1,-1
bare,1,1,5
bare,1,2,-1
bare,1,2,5
bare,1,3,-1
bare,1,3,5
bare,1,4,-1
bare,1,4,5
bare,1,5,-1
bare,1,5,0
bare,1,5,1
bare,1,5,2
bare,1,5,3
bare,1,5,4
bare,1,5,5
bare,2,-1,-1
gravel,2,-1,0
gravel,2,-1,1
gravel,2,-1,2
gravel,2,-1,3
gravel,2,-1,4
gravel,2,-1,5
bare,2,0,-1
bare,2,0,5
bare,2,1,-1
bare,2,1,5
bare,2,2,-1
bare,2,2,5
bare,2,3,-1
bare,2,3,5
bare,2,4,-1
bare,2,4,5
bare,2,5,-1
bare,2,5,0
bare,2,5,1
bare,2,5,2
bare,2,5,3
bare,2,5,4
bare,2,5,5
bare,3,-1,-1
gravel,3,-1,0
gravel,3,-1,1
gravel,3,-1,2
gravel,3,-1,3
gravel,3,-1,4
bare,3,-1,5
bare,3,0,-1
bare,3,0,5
bare,3,1,-1
bare,3,1,5
bare,3,2,-1
bare,3,2,5
bare,3,3,-1
bare,3,3,5
bare,3,4,-1
bare,3,4,5
bare,3,5,-1
bare,3,5,0
bare,3,5,1
bare,3,5,2
bare,3,5,3
bare,3,5,4
bare,3,5,5
bare,4,-1,-1
gravel,4,-1,0
gravel,4,-1,1
gravel,4,-1,2
gravel,4,-1,3
gravel,4,-1,4
gravel,4,-1,5
bare,4,0,-1
bare,4,0,5
bare,4,1,-1
bare,4,1,5
bare,4,2,-1
bare,4,2,5
bare,4,3,-1
bare,4,3,5
bare,4,4,-1
bare,4,4,5
bare,4,5,-1
bare,4,5,0
bare,4,5,1
bare,4,5,2
bare,4,5,3
bare,4,5,4
bare,4,5,5
bare,5,-1,-1
bare,5,-1,0
gravel,5,-1,1
gravel,5,-1,2
gravel,5,-1,3
gravel,5,-1,4
gravel,5,-1,5
bare,5,0,-1
bare,5,0,0
bare,5,0,1
bare,5,0,2
bare,5,0,3
gravel,5,0,4
gravel,5,0,5
bare,5,1,-1
bare,5,1,0
bare,5,1,1
bare,5,1,2
bare,5,1,3
bare,5,1,4
bare,5,1,5
bare,5,2,-1
bare,5,2,0
bare,5,2,1
bare,5,2,2
bare,5,2,3
bare,5,2,4
bare,5,2,5
bare,5,3,-1
bare,5,3,0
bare,5,3,1
bare,5,3,2
bare,5,3,3
bare,5,3,4
bare,5,3,5
bare,5,4,-1
bare,5,4,0
bare,5,4,1
bare,5,4,2
bare,5,4,3
bare,5,4,4
bare,5,4,5
bare,5,5,-1
bare,5,5,0
bare,5,5,1
bare,5,5,2
bare,5,5,3
bare,5,5,4
bare,5,5,5
